team,elo
Spain,2226.8
Argentina,2177.7
France,2156.2
England,2094.6
Brazil,2054.0
Colombia,2050.8
Netherlands,2044.8
Portugal,2036.5
Ecuador,2027.4
Germany,2025.5
Japan,2018.3
Morocco,2010.3
Croatia,2005.6
Norway,1999.2
Turkey,1984.6
Switzerland,1976.5
Uruguay,1963.3
Mexico,1949.6
Belgium,1945.5
Denmark,1937.2
Senegal,1930.2
Italy,1927.0
Paraguay,1926.4
Australia,1917.9
Austria,1909.9
Canada,1901.5
Iran,1887.7
South Korea,1884.2
Algeria,1867.0
United States,1863.4
Russia,1860.9
Nigeria,1860.2
Basque Country,1853.5
Uzbekistan,1850.1
Scotland,1848.6
Serbia,1840.8
Panama,1832.3
Poland,1821.0
Kosovo,1818.7
Ukraine,1818.5
Greece,1815.3
Ivory Coast,1814.6
Egypt,1803.9
Venezuela,1803.7
Sweden,1802.6
Czech Republic,1801.6
Chile,1800.8
Jersey,1798.9
Jordan,1785.1
Hungary,1782.7
Republic of Ireland,1781.3
Wales,1774.4
DR Congo,1774.0
Tunisia,1768.3
Slovenia,1761.4
Slovakia,1753.9
Peru,1752.4
Bolivia,1750.9
Iraq,1750.7
New Zealand,1747.6
Guernsey,1735.5
Catalonia,1732.2
Albania,1727.4
Costa Rica,1727.4
Cameroon,1720.2
Mali,1718.6
Georgia,1718.3
Isle of Man,1699.2
Occitania,1698.2
Saudi Arabia,1691.5
Israel,1689.7
Honduras,1687.8
Padania,1687.1
Bosnia and Herzegovina,1686.4
Northern Cyprus,1685.5
Northern Ireland,1682.8
Romania,1682.6
United Arab Emirates,1679.7
Jamaica,1671.5
Cape Verde,1668.8
Haiti,1666.1
Burkina Faso,1663.1
Isle of Wight,1660.0
South Africa,1660.0
North Macedonia,1654.0
Guatemala,1651.0
Iraqi Kurdistan,1648.8
Iceland,1647.0
Ynys Môn,1645.0
Ghana,1641.7
Andalusia,1633.5
Abkhazia,1625.9
Kernow,1621.3
Finland,1618.6
Kárpátalja,1611.4
Curaçao,1609.6
Oman,1602.3
County of Nice,1596.5
Rhodes,1594.9
Syria,1590.3
Palestine,1585.5
Suriname,1585.2
Panjab,1581.3
Belarus,1581.0
Qatar,1580.3
Corsica,1580.1
Angola,1578.3
New Caledonia,1571.6
Yorkshire,1571.0
Ellan Vannin,1570.9
Bulgaria,1570.2
Artsakh,1569.9
Réunion,1568.6
Guinea,1566.7
China PR,1561.4
Menorca,1557.8
Benin,1552.1
Chameria,1551.1
Cascadia,1549.4
Libya,1548.8
Arameans Suryoye,1546.9
Galicia,1543.7
Thailand,1543.6
Zanzibar,1538.0
Gabon,1537.2
Gambia,1534.4
Bahrain,1533.6
Canary Islands,1532.9
Zambia,1531.7
Maule Sur,1530.1
Trinidad and Tobago,1529.8
Madagascar,1529.1
Kazakhstan,1525.9
Silesia,1525.4
Asturias,1524.2
Uganda,1520.4
Surrey,1518.3
Parishes of Jersey,1517.6
Biafra,1515.8
Donetsk PR,1512.6
Elba Island,1510.7
Niger,1510.2
Brittany,1510.1
Mapuche,1509.1
Western Armenia,1506.7
Felvidék,1506.3
Tamil Eelam,1505.9
Guadeloupe,1505.6
Malaysia,1502.8
Montenegro,1501.4
Délvidék,1500.2
Shetland,1499.6
Indonesia,1499.1
United Koreans in Japan,1498.8
Crimea,1497.1
Saugeais,1494.7
West Papua,1493.5
Central Spain,1493.2
Western Sahara,1491.5
Sealand,1490.2
Madrid,1489.9
Nicaragua,1489.6
Faroe Islands,1489.2
Mozambique,1489.0
Székely Land,1488.3
Cilento,1486.0
Republic of St. Pauli,1485.2
Seborga,1484.5
Tahiti,1483.0
Matabeleland,1482.4
Yoruba Nation,1482.4
Togo,1480.9
Luhansk PR,1480.9
Vietnam,1480.7
North Korea,1479.7
Franconia,1476.9
North Vietnam,1476.4
Kuwait,1475.4
El Salvador,1474.5
South Ossetia,1474.0
Ryūkyū,1473.7
Sápmi,1472.1
Comoros,1470.0
Dominican Republic,1469.8
Kyrgyzstan,1469.3
Guyana,1468.2
Kenya,1467.1
Sierra Leone,1466.5
Somaliland,1466.5
Gozo,1466.3
Luxembourg,1466.2
South Yemen,1465.9
Åland Islands,1464.7
Rwanda,1462.7
Martinique,1462.1
Aymara,1460.8
Sudan,1460.4
Romani people,1459.0
Armenia,1455.7
Chechnya,1454.3
Zimbabwe,1453.0
Niue,1453.0
Hmong,1452.0
Kabylia,1450.9
Monaco,1447.4
Malawi,1445.0
Equatorial Guinea,1442.9
Provence,1441.1
Gotland,1439.8
Greenland,1439.2
Lebanon,1438.1
Mayotte,1437.4
Saarland,1436.6
Liberia,1434.3
Mauritania,1432.9
Western Isles,1428.6
Azerbaijan,1428.6
Tajikistan,1426.9
Papua New Guinea,1425.2
Estonia,1424.5
Manchukuo,1424.3
Găgăuzia,1423.2
Palau,1421.8
Ticino,1420.7
French Guiana,1418.7
Two Sicilies,1411.1
Marshall Islands,1408.2
Lesotho,1407.4
Vatican City,1403.4
Vanuatu,1402.9
Saint Barthélemy,1401.8
Orkney,1401.7
Tanzania,1401.7
Namibia,1401.3
Fiji,1395.7
Cuba,1393.8
Western Australia,1391.8
Raetia,1391.0
Turkmenistan,1388.9
Botswana,1388.3
Cyprus,1387.7
Sark,1386.7
Malta,1384.5
Ambazonia,1383.1
Barawa,1381.1
Lithuania,1378.9
Latvia,1376.4
Ethiopia,1373.7
Burundi,1373.1
Puerto Rico,1363.0
Vietnam Republic,1359.9
Guinea-Bissau,1352.3
Central African Republic,1346.9
Yemen DPR,1346.6
Micronesia,1344.3
Chagos Islands,1342.6
Solomon Islands,1340.8
Hitra,1338.8
Saint Vincent and the Grenadines,1335.5
Saint Helena,1334.3
Saare County,1332.6
Hong Kong,1332.2
Moldova,1327.6
Darfur,1327.2
Philippines,1321.7
Congo,1320.3
Saint Pierre and Miquelon,1312.6
Eswatini,1304.4
Bermuda,1302.8
Singapore,1293.7
Yemen,1291.1
Grenada,1286.1
Wallis Islands and Futuna,1285.6
Saint Martin,1280.4
Sint Maarten,1278.8
South Sudan,1274.5
Belize,1274.1
Kiribati,1273.6
Tibet,1269.2
India,1261.8
Saint Kitts and Nevis,1256.4
Chad,1228.9
Samoa,1226.5
Montserrat,1221.1
Mauritius,1221.1
Tuvalu,1213.1
Aruba,1212.1
Afghanistan,1206.2
Saint Lucia,1204.3
Falkland Islands,1202.2
Frøya,1180.3
Eritrea,1174.7
São Tomé and Príncipe,1166.8
Andorra,1166.3
Dominica,1154.0
Bonaire,1151.0
Bangladesh,1130.6
Myanmar,1130.3
Gibraltar,1125.2
Antigua and Barbuda,1120.9
Barbados,1115.2
Cook Islands,1115.1
Nepal,1108.3
Alderney,1078.7
Tonga,1073.7
Taiwan,1069.5
Cayman Islands,1069.4
Djibouti,1061.0
Cambodia,1052.0
Somalia,1046.3
Maldives,1043.7
British Virgin Islands,1022.8
Sri Lanka,1016.9
Liechtenstein,1011.1
Turks and Caicos Islands,1005.2
United States Virgin Islands,1000.1
Pakistan,997.4
Seychelles,993.3
Guam,992.2
Mongolia,991.0
Northern Mariana Islands,974.3
Bahamas,943.8
Laos,940.6
San Marino,938.3
American Samoa,930.8
Brunei,906.4
Anguilla,903.5
Timor-Leste,871.4
Bhutan,868.5
Macau,839.7
